# DEMONSTRATION DATA. Synthetic values for the figure-style examples, not a result of any paper.
# families: A=A1-A3, B=B1-B3, C=C1-C3, D=D1-D2. Panel bars uses x as group label.
panel,method,condition,x,value
events,Ours,all,1,0.975
events,Ours,all,2,0.915
events,Ours,all,3,0.925
events,Ours,all,4,0.965
events,A1,all,1,0.82
events,A1,all,2,0.7
events,A1,all,3,0.71
events,A1,all,4,0.72
events,A2,all,1,0.86
events,A2,all,2,0.71
events,A2,all,3,0.55
events,A2,all,4,0.38
events,A3,all,1,0.98
events,A3,all,2,0.72
events,A3,all,3,0.53
events,A3,all,4,0.36
events,B1,all,1,0.98
events,B1,all,2,0.7
events,B1,all,3,0.51
events,B1,all,4,0.35
events,B2,all,1,0.975
events,B2,all,2,0.715
events,B2,all,3,0.55
events,B2,all,4,0.4
events,B3,all,1,0.97
events,B3,all,2,0.69
events,B3,all,3,0.54
events,B3,all,4,0.38
events,C1,all,1,0.98
events,C1,all,2,0.84
events,C1,all,3,0.8
events,C1,all,4,0.725
events,C2,all,1,0.97
events,C2,all,2,0.835
events,C2,all,3,0.78
events,C2,all,4,0.715
events,C3,all,1,0.975
events,C3,all,2,0.66
events,C3,all,3,0.385
events,C3,all,4,0.17
events,D1,all,1,0.78
events,D1,all,2,0.635
events,D1,all,3,0.555
events,D1,all,4,0.47
events,D2,all,1,0.8
events,D2,all,2,0.64
events,D2,all,3,0.545
events,D2,all,4,0.445
coverage,Ours,all,10,0.845
coverage,Ours,all,25,0.885
coverage,Ours,all,50,0.9
coverage,Ours,all,75,0.905
coverage,Ours,all,100,0.915
coverage,Ours,never,10,0.83
coverage,Ours,never,25,0.862
coverage,Ours,never,50,0.866
coverage,Ours,never,75,0.871
coverage,Ours,never,100,
coverage,C1,all,10,0.81
coverage,C1,all,25,0.83
coverage,C1,all,50,0.855
coverage,C1,all,75,0.87
coverage,C1,all,100,0.89
coverage,C1,never,10,0.79
coverage,C1,never,25,0.808
coverage,C1,never,50,0.81
coverage,C1,never,75,0.815
coverage,C1,never,100,
coverage,C2,all,10,0.8
coverage,C2,all,25,0.824
coverage,C2,all,50,0.85
coverage,C2,all,75,0.866
coverage,C2,all,100,0.885
coverage,C2,never,10,0.783
coverage,C2,never,25,0.8
coverage,C2,never,50,0.806
coverage,C2,never,75,0.811
coverage,C2,never,100,
coverage,C3,all,10,0.59
coverage,C3,all,25,0.715
coverage,C3,all,50,0.815
coverage,C3,all,75,0.86
coverage,C3,all,100,0.905
coverage,C3,never,10,0.545
coverage,C3,never,25,0.635
coverage,C3,never,50,0.71
coverage,C3,never,75,0.72
coverage,C3,never,100,
scaling,Ours,all,2,0.7
scaling,Ours,all,4,0.77
scaling,Ours,all,8,0.805
scaling,Ours,all,16,0.855
scaling,Ours,all,32,0.88
scaling,Ours,all,64,0.89
scaling,Ours,all,128,0.895
scaling,A1,all,2,0.55
scaling,A1,all,4,0.5616
scaling,A1,all,8,0.5661
scaling,A1,all,16,0.5704
scaling,A1,all,32,0.583
scaling,A1,all,64,0.5879
scaling,A1,all,128,0.6055
scaling,A2,all,2,0.5507
scaling,A2,all,4,0.5611
scaling,A2,all,8,0.585
scaling,A2,all,16,0.6189
scaling,A2,all,32,0.6429
scaling,A2,all,64,0.6658
scaling,A2,all,128,0.6826
scaling,A3,all,2,0.5498
scaling,A3,all,4,0.5806
scaling,A3,all,8,0.5892
scaling,A3,all,16,0.6213
scaling,A3,all,32,0.6348
scaling,A3,all,64,0.6647
scaling,A3,all,128,0.6853
scaling,B1,all,2,0.5081
scaling,B1,all,4,0.5232
scaling,B1,all,8,0.5588
scaling,B1,all,16,0.5813
scaling,B1,all,32,0.6018
scaling,B1,all,64,0.6065
scaling,B1,all,128,0.6457
scaling,B2,all,2,0.6396
scaling,B2,all,4,0.6517
scaling,B2,all,8,0.6494
scaling,B2,all,16,0.6687
scaling,B2,all,32,0.6755
scaling,B2,all,64,0.6877
scaling,B2,all,128,0.7135
scaling,B3,all,2,0.6235
scaling,B3,all,4,0.6431
scaling,B3,all,8,0.6637
scaling,B3,all,16,0.6653
scaling,B3,all,32,0.6824
scaling,B3,all,64,0.6976
scaling,B3,all,128,0.7105
scaling,C1,all,2,0.5802
scaling,C1,all,4,0.6231
scaling,C1,all,8,0.6659
scaling,C1,all,16,0.6751
scaling,C1,all,32,0.7269
scaling,C1,all,64,0.7535
scaling,C1,all,128,0.7799
scaling,C2,all,2,0.591
scaling,C2,all,4,0.6153
scaling,C2,all,8,0.6337
scaling,C2,all,16,0.6781
scaling,C2,all,32,0.7163
scaling,C2,all,64,0.7443
scaling,C2,all,128,0.7855
scaling,C3,all,2,0.6295
scaling,C3,all,4,0.652
scaling,C3,all,8,0.6748
scaling,C3,all,16,0.6746
scaling,C3,all,32,0.6983
scaling,C3,all,64,0.7096
scaling,C3,all,128,0.731
scaling,D1,all,2,0.3605
scaling,D1,all,4,0.3837
scaling,D1,all,8,0.4051
scaling,D1,all,16,0.4322
scaling,D1,all,32,0.4525
scaling,D1,all,64,0.4511
scaling,D1,all,128,0.4736
scaling,D2,all,2,0.3902
scaling,D2,all,4,0.3891
scaling,D2,all,8,0.4213
scaling,D2,all,16,0.4442
scaling,D2,all,32,0.4751
scaling,D2,all,64,0.4905
scaling,D2,all,128,0.5024
bars,Ours,all,D1,0.962
bars,Ours,all,D2,0.941
bars,Ours,all,D3,0.972
bars,A3,all,D1,0.8
bars,A3,all,D2,0.78
bars,A3,all,D3,0.85
bars,B2,all,D1,0.83
bars,B2,all,D2,0.81
bars,B2,all,D3,0.84
bars,C1,all,D1,0.885
bars,C1,all,D2,0.862
bars,C1,all,D3,0.9
bars,D1,all,D1,0.74
bars,D1,all,D2,0.79
bars,D1,all,D3,0.82
